0_precision;0_recall;0_f1-score;1_precision;1_recall;1_f1-score;2_precision;2_recall;2_f1-score;3_precision;3_recall;3_f1-score;accuracy;macro_f1;model;n_estimators;max_depth;min_samples_leaf;class_weight;removed_features;num_features
0.685714286;0.503496503;0.580645161;0.719892953;0.880043621;0.791952895;0.59807074;0.572307692;0.58490566;0.626582278;0.363970588;0.460465116;0.686666667;0.604492208;RandomForest;400;;1;;feature_3,feature_7,feature_8;9
0.668292683;0.479020979;0.558044807;0.71657754;0.876772083;0.788621873;0.601328904;0.556923077;0.57827476;0.63372093;0.400735294;0.490990991;0.683888889;0.603983108;RandomForest;400;;1;;feature_2,feature_3,feature_8;9
0.661538462;0.451048951;0.536382536;0.707718994;0.889858233;0.788405797;0.627986348;0.566153846;0.595469256;0.660377358;0.386029412;0.487238979;0.685555556;0.601874142;RandomForest;400;;1;;feature_3,feature_11;10
0.692307692;0.472027972;0.561330561;0.713541667;0.896401309;0.794586757;0.602006689;0.553846154;0.576923077;0.655844156;0.371323529;0.474178404;0.687777778;0.6017547;RandomForest;400;;1;;feature_8,feature_11;10
0.668393782;0.451048951;0.538622129;0.71754386;0.892039258;0.795333009;0.598705502;0.569230769;0.583596215;0.664556962;0.386029412;0.488372093;0.687222222;0.601480862;RandomForest;400;;1;;feature_2,feature_7,feature_11;9
0.661691542;0.465034965;0.546201232;0.720070423;0.892039258;0.796882611;0.607594937;0.590769231;0.599063963;0.659863946;0.356617647;0.46300716;0.688888889;0.601288741;RandomForest;400;;1;;feature_7,feature_11;10
0.659793814;0.447552448;0.533333333;0.710157618;0.884405671;0.787761049;0.617363344;0.590769231;0.603773585;0.666666667;0.375;0.48;0.685;0.601216992;RandomForest;400;;1;;feature_3,feature_7,feature_11;9
0.648780488;0.465034965;0.541751527;0.713908451;0.884405671;0.790063322;0.617161716;0.575384615;0.595541401;0.653846154;0.375;0.476635514;0.685;0.600997941;RandomForest;400;;1;;feature_3;11
0.651960784;0.465034965;0.542857143;0.714535902;0.889858233;0.792617776;0.616666667;0.569230769;0.592;0.655844156;0.371323529;0.474178404;0.686111111;0.600413331;RandomForest;400;;1;;feature_7,feature_9,feature_11;9
0.675;0.472027972;0.555555556;0.715547703;0.883315158;0.790629575;0.608552632;0.569230769;0.588235294;0.615853659;0.371323529;0.463302752;0.683888889;0.599430794;RandomForest;400;;1;;feature_3,feature_8;10
0.684210526;0.454545455;0.546218487;0.706911636;0.881134133;0.784466019;0.613793103;0.547692308;0.578861789;0.615819209;0.400735294;0.485523385;0.680555556;0.59876742;RandomForest;400;;1;;feature_3,feature_8,feature_11;9
0.620192308;0.451048951;0.522267206;0.715411559;0.890948746;0.793589121;0.627118644;0.569230769;0.596774194;0.664516129;0.378676471;0.482435597;0.685555556;0.59876653;RandomForest;400;;1;;feature_2,feature_3;10
0.634703196;0.486013986;0.55049505;0.72128228;0.883315158;0.794117647;0.6;0.553846154;0.576;0.64556962;0.375;0.474418605;0.683888889;0.598757825;RandomForest;400;;1;;feature_0,feature_7,feature_8;9
0.660287081;0.482517483;0.557575758;0.713527851;0.880043621;0.788085938;0.601286174;0.575384615;0.588050314;0.651006711;0.356617647;0.460807601;0.682777778;0.598629903;RandomForest;400;;1;;feature_7,feature_8;10
0.67;0.468531469;0.551440329;0.710526316;0.883315158;0.787554691;0.597402597;0.566153846;0.58135861;0.651315789;0.363970588;0.466981132;0.681666667;0.596833691;RandomForest;400;;1;;feature_7,feature_8,feature_11;9
0.63592233;0.458041958;0.532520325;0.714412025;0.881134133;0.7890625;0.612903226;0.584615385;0.598425197;0.647058824;0.363970588;0.465882353;0.682222222;0.596472594;RandomForest;400;;1;;feature_3,feature_7;10
0.653658537;0.468531469;0.545824847;0.715289982;0.887677208;0.792214112;0.613861386;0.572307692;0.592356688;0.62987013;0.356617647;0.455399061;0.683888889;0.596448677;RandomForest;400;;1;;feature_2;11
0.653266332;0.454545455;0.536082474;0.712280702;0.885496183;0.789499271;0.603333333;0.556923077;0.5792;0.645962733;0.382352941;0.480369515;0.681666667;0.596287815;RandomForest;400;;1;;feature_2,feature_8,feature_11;9
0.647342995;0.468531469;0.543610548;0.713777778;0.87568157;0.786483839;0.603174603;0.584615385;0.59375;0.640522876;0.360294118;0.461176471;0.680555556;0.596255214;RandomForest;400;;1;;feature_3,feature_4;10
0.664948454;0.451048951;0.5375;0.707149009;0.895310796;0.790182868;0.606666667;0.56;0.5824;0.682758621;0.363970588;0.474820144;0.683888889;0.596225753;RandomForest;400;;1;;feature_11;11
0.653465347;0.461538462;0.540983607;0.714791851;0.880043621;0.788856305;0.585987261;0.566153846;0.575899844;0.658064516;0.375;0.477751756;0.680555556;0.595872878;RandomForest;400;;1;;feature_2,feature_8;10
0.657142857;0.482517483;0.556451613;0.713035871;0.888767721;0.791262136;0.592592593;0.541538462;0.565916399;0.66;0.363970588;0.469194313;0.682222222;0.595706115;RandomForest;400;;1;;feature_8;11
0.607476636;0.454545455;0.52;0.714788732;0.885496183;0.791037506;0.629370629;0.553846154;0.589198036;0.640243902;0.386029412;0.481651376;0.681666667;0.59547173;RandomForest;400;;1;;feature_0,feature_2,feature_3;9
0.669950739;0.475524476;0.556237219;0.722869955;0.878953108;0.793307087;0.581761006;0.569230769;0.575427683;0.603658537;0.363970588;0.45412844;0.681111111;0.594775107;RandomForest;400;;1;;feature_2,feature_7,feature_8;9
0.603603604;0.468531469;0.527559055;0.722666667;0.886586696;0.796278159;0.623333333;0.575384615;0.5984;0.62745098;0.352941176;0.451764706;0.683333333;0.59350048;RandomForest;400;;1;;feature_0,feature_3,feature_7;9
0.628571429;0.461538462;0.532258065;0.71819788;0.886586696;0.793557833;0.605177994;0.575384615;0.589905363;0.644295302;0.352941176;0.456057007;0.682222222;0.592944567;RandomForest;400;;1;;feature_2,feature_7;10
0.612903226;0.465034965;0.528827038;0.71957672;0.889858233;0.79570941;0.605263158;0.566153846;0.585055644;0.662068966;0.352941176;0.460431655;0.682777778;0.592505937;RandomForest;400;;1;;feature_0,feature_7;10
0.618604651;0.465034965;0.530938124;0.710017575;0.881134133;0.786374696;0.613013699;0.550769231;0.580226904;0.64516129;0.367647059;0.468384075;0.677777778;0.59148095;RandomForest;400;;1;;feature_0,feature_3;10
0.640552995;0.486013986;0.552683897;0.709027169;0.882224646;0.786200194;0.620209059;0.547692308;0.581699346;0.612903226;0.349264706;0.444964871;0.678333333;0.591387077;RandomForest;400;;1;;feature_7,feature_8,feature_9;9
0.626168224;0.468531469;0.536;0.714537445;0.884405671;0.790448343;0.590909091;0.56;0.575039494;0.671328671;0.352941176;0.462650602;0.679444444;0.59103461;RandomForest;400;;1;;feature_0,feature_7,feature_11;9
0.622119816;0.472027972;0.536779324;0.719081272;0.887677208;0.794533919;0.602076125;0.535384615;0.566775244;0.62345679;0.371323529;0.465437788;0.68;0.590881569;RandomForest;400;;1;;feature_0,feature_8;10
0.647058824;0.461538462;0.53877551;0.711033275;0.885496183;0.788732394;0.602564103;0.578461538;0.590266876;0.647887324;0.338235294;0.444444444;0.68;0.590554806;RandomForest;400;;1;;feature_7;11
0.659685864;0.440559441;0.528301887;0.711923412;0.892039258;0.791868345;0.594155844;0.563076923;0.578199052;0.644736842;0.360294118;0.462264151;0.680555556;0.590158359;RandomForest;400;;1;;feature_2,feature_11;10
0.64921466;0.433566434;0.519916143;0.706239168;0.888767721;0.787059392;0.615384615;0.566153846;0.58974359;0.634615385;0.363970588;0.462616822;0.678888889;0.589833987;RandomForest;400;;1;;feature_3,feature_4,feature_11;9
0.649746193;0.447552448;0.530020704;0.710664336;0.886586696;0.788937409;0.595469256;0.566153846;0.58044164;0.646666667;0.356617647;0.45971564;0.678888889;0.589778848;RandomForest;400;;1;;feature_4,feature_11;10
0.645631068;0.465034965;0.540650407;0.711385702;0.878953108;0.786341463;0.581168831;0.550769231;0.565560821;0.647058824;0.363970588;0.465882353;0.676111111;0.589608761;RandomForest;400;;1;;feature_2,feature_3,feature_7;9
0.626168224;0.468531469;0.536;0.717064545;0.884405671;0.791992188;0.586440678;0.532307692;0.558064516;0.6375;0.375;0.472222222;0.677777778;0.589569731;RandomForest;400;;1;;feature_0,feature_3,feature_8;9
0.61352657;0.444055944;0.515212982;0.71340388;0.882224646;0.788883471;0.59807074;0.572307692;0.58490566;0.655405405;0.356617647;0.461904762;0.677222222;0.587726719;RandomForest;400;;1;;feature_4;11
0.606334842;0.468531469;0.528599606;0.72207328;0.881134133;0.793713163;0.6;0.572307692;0.585826772;0.62;0.341911765;0.440758294;0.678333333;0.587224459;RandomForest;400;;1;;feature_0,feature_2,feature_7;9
0.606334842;0.468531469;0.528599606;0.718942731;0.889858233;0.795321637;0.606779661;0.550769231;0.577419355;0.630872483;0.345588235;0.446555819;0.679444444;0.586974104;RandomForest;400;;1;;feature_0,feature_2;10
0.652173913;0.472027972;0.547667343;0.704347826;0.883315158;0.783744557;0.599315068;0.538461538;0.56726094;0.629139073;0.349264706;0.449172577;0.675;0.586961354;RandomForest;400;;1;;feature_8,feature_9;10
0.668292683;0.479020979;0.558044807;0.703930131;0.878953108;0.781765276;0.598615917;0.532307692;0.563517915;0.596273292;0.352941176;0.443418014;0.673333333;0.586686503;RandomForest;400;;1;;feature_3,feature_4,feature_8;9
0.659793814;0.447552448;0.533333333;0.699481865;0.883315158;0.780722892;0.575657895;0.538461538;0.556438792;0.6875;0.363970588;0.475961538;0.673333333;0.586614139;RandomForest;400;;1;;feature_2,feature_6,feature_8;9
0.63902439;0.458041958;0.533604888;0.698440208;0.878953108;0.778367938;0.597315436;0.547692308;0.571428571;0.671328671;0.352941176;0.462650602;0.672777778;0.586513;RandomForest;400;;1;;feature_3,feature_9;10
0.619266055;0.472027972;0.535714286;0.713787086;0.892039258;0.793019874;0.612318841;0.52;0.562396007;0.60625;0.356617647;0.449074074;0.677222222;0.58505106;RandomForest;400;;1;;feature_0,feature_8,feature_9;9
0.610576923;0.444055944;0.51417004;0.707786527;0.882224646;0.785436893;0.604651163;0.56;0.581469649;0.648648649;0.352941176;0.457142857;0.674444444;0.58455486;RandomForest;400;;1;;feature_7,feature_9;10
0.609302326;0.458041958;0.522954092;0.720391808;0.882224646;0.793137255;0.597359736;0.556923077;0.576433121;0.603773585;0.352941176;0.445475638;0.676111111;0.584500026;RandomForest;400;;1;;feature_0,feature_2,feature_8;9
0.670103093;0.454545455;0.541666667;0.694187026;0.898582334;0.783269962;0.599303136;0.529230769;0.562091503;0.689393939;0.334558824;0.45049505;0.676111111;0.584380795;RandomForest;400;;1;;feature_8,feature_10;10
0.62755102;0.43006993;0.510373444;0.705779335;0.878953108;0.782904322;0.603896104;0.572307692;0.587677725;0.62987013;0.356617647;0.455399061;0.673333333;0.584088638;RandomForest;400;;1;;feature_2,feature_3,feature_4;9
0.62962963;0.416083916;0.501052632;0.699570815;0.888767721;0.782901057;0.597938144;0.535384615;0.564935065;0.670967742;0.382352941;0.487119438;0.673333333;0.584002048;RandomForest;400;;1;;feature_2,feature_3,feature_11;9
0.600938967;0.447552448;0.513026052;0.709394205;0.881134133;0.785992218;0.603333333;0.556923077;0.5792;0.648648649;0.352941176;0.457142857;0.673888889;0.583840282;RandomForest;400;;1;;feature_0,feature_3,feature_11;9
0.655;0.458041958;0.53909465;0.710832587;0.865866957;0.78072763;0.598684211;0.56;0.578696343;0.547486034;0.360294118;0.4345898;0.669444444;0.583277106;RandomForest;400;;1;;feature_1,feature_3,feature_8;9
0.613207547;0.454545455;0.522088353;0.709342561;0.894220284;0.791123975;0.597222222;0.529230769;0.561174551;0.659722222;0.349264706;0.456730769;0.676111111;0.582779412;RandomForest;400;;1;;feature_0;11
0.585585586;0.454545455;0.511811024;0.710080285;0.868047983;0.781157998;0.6;0.553846154;0.576;0.630573248;0.363970588;0.461538462;0.669444444;0.582626871;RandomForest;400;;1;;feature_0,feature_3,feature_4;9
0.626794258;0.458041958;0.529292929;0.704703833;0.882224646;0.783535109;0.587248322;0.538461538;0.561797753;0.655172414;0.349264706;0.455635492;0.672222222;0.582565321;RandomForest;400;;1;;feature_0,feature_11;10
0.607476636;0.454545455;0.52;0.707638279;0.878953108;0.784046693;0.602693603;0.550769231;0.575562701;0.633333333;0.349264706;0.450236967;0.672222222;0.58246159;RandomForest;400;;1;;feature_4,feature_9;10
0.64;0.447552448;0.526748971;0.709170306;0.885496183;0.787584869;0.598684211;0.56;0.578696343;0.609271523;0.338235294;0.43498818;0.674444444;0.582004591;RandomForest;400;;1;;feature_5,feature_7;10
0.635897436;0.433566434;0.515592516;0.707359307;0.890948746;0.788610039;0.610738255;0.56;0.584269663;0.611842105;0.341911765;0.438679245;0.675555556;0.581787866;RandomForest;400;;1;;feature_3,feature_5,feature_11;9
0.658415842;0.465034965;0.545081967;0.69991327;0.880043621;0.779710145;0.590106007;0.513846154;0.549342105;0.604938272;0.360294118;0.451612903;0.669444444;0.58143678;RandomForest;400;;1;;feature_4,feature_8;10
0.658291457;0.458041958;0.540206186;0.696867062;0.897491821;0.784556721;0.608843537;0.550769231;0.578352181;0.666666667;0.308823529;0.422110553;0.676111111;0.58130641;RandomForest;400;;1;;feature_3,feature_8,feature_10;9
0.605633803;0.451048951;0.517034068;0.715669014;0.886586696;0.79201169;0.594059406;0.553846154;0.573248408;0.628378378;0.341911765;0.442857143;0.675;0.581287827;RandomForest;400;;1;;feature_2,feature_3,feature_5;9
0.645933014;0.472027972;0.545454545;0.698774081;0.870229008;0.77513356;0.585616438;0.526153846;0.554294976;0.611464968;0.352941176;0.447552448;0.666666667;0.580608882;RandomForest;400;;1;;feature_3,feature_8,feature_9;9
0.656862745;0.468531469;0.546938776;0.697413793;0.882224646;0.779008185;0.600719424;0.513846154;0.553897181;0.601265823;0.349264706;0.441860465;0.669444444;0.580426152;RandomForest;400;;1;;feature_8,feature_9,feature_11;9
0.606481481;0.458041958;0.521912351;0.702164502;0.884405671;0.782818533;0.607638889;0.538461538;0.57096248;0.65248227;0.338235294;0.445520581;0.671666667;0.580303486;RandomForest;400;;1;;feature_9;11
0.631313131;0.437062937;0.516528926;0.702772964;0.884405671;0.783196523;0.587628866;0.526153846;0.555194805;0.636942675;0.367647059;0.466200466;0.670555556;0.58028018;RandomForest;400;;1;;feature_0,feature_2,feature_11;9
0.615384615;0.447552448;0.518218623;0.710896309;0.882224646;0.787347932;0.596774194;0.569230769;0.582677165;0.625;0.330882353;0.432692308;0.673333333;0.580234007;RandomForest;400;;1;;feature_2,feature_5,feature_7;9
0.614634146;0.440559441;0.513238289;0.706086957;0.885496183;0.785679729;0.599348534;0.566153846;0.582278481;0.652173913;0.330882353;0.43902439;0.673333333;0.580055222;RandomForest;400;;1;;feature_2,feature_4;10
0.639593909;0.440559441;0.52173913;0.715949821;0.87131952;0.786030497;0.582781457;0.541538462;0.561403509;0.556756757;0.378676471;0.450765864;0.668888889;0.57998475;RandomForest;400;;1;;feature_0,feature_1,feature_8;9
0.654822335;0.451048951;0.534161491;0.690862511;0.882224646;0.774904215;0.575250836;0.529230769;0.551282051;0.69924812;0.341911765;0.459259259;0.668333333;0.579901754;RandomForest;400;;1;;feature_3,feature_6;10
0.631067961;0.454545455;0.528455285;0.69940222;0.893129771;0.784482759;0.604026846;0.553846154;0.577849117;0.68;0.3125;0.428211587;0.674444444;0.579749687;RandomForest;400;;1;;feature_3,feature_7,feature_10;9
0.659793814;0.447552448;0.533333333;0.693562232;0.881134133;0.776176753;0.563106796;0.535384615;0.548895899;0.704545455;0.341911765;0.46039604;0.668333333;0.579700506;RandomForest;400;;1;;feature_2,feature_3,feature_6;9
0.606635071;0.447552448;0.515090543;0.712633452;0.873500545;0.784909358;0.618729097;0.569230769;0.592948718;0.560240964;0.341911765;0.424657534;0.670555556;0.579401538;RandomForest;400;;1;;feature_0,feature_1,feature_2;9
0.626794258;0.458041958;0.529292929;0.711894273;0.881134133;0.787524366;0.599337748;0.556923077;0.577352472;0.584415584;0.330882353;0.422535211;0.672222222;0.579176245;RandomForest;400;;1;;feature_3,feature_5,feature_8;9
0.715083799;0.447552448;0.550537634;0.688566553;0.880043621;0.772618478;0.56187291;0.516923077;0.538461538;0.64;0.352941176;0.454976303;0.666111111;0.579148488;RandomForest;400;;1;;feature_6,feature_7,feature_8;9
0.616438356;0.472027972;0.534653465;0.702515178;0.883315158;0.782608696;0.607272727;0.513846154;0.556666667;0.614379085;0.345588235;0.442352941;0.67;0.579070442;RandomForest;400;;1;;feature_2,feature_9;10
0.628712871;0.444055944;0.520491803;0.705777778;0.865866957;0.777668952;0.59602649;0.553846154;0.574162679;0.573099415;0.360294118;0.442437923;0.666111111;0.578690339;RandomForest;400;;1;;feature_1,feature_2,feature_3;9
0.644808743;0.412587413;0.503198294;0.707149009;0.895310796;0.790182868;0.591503268;0.556923077;0.573692552;0.626666667;0.345588235;0.44549763;0.674444444;0.578142836;RandomForest;400;;1;;feature_2,feature_4,feature_11;9
0.605633803;0.451048951;0.517034068;0.706036745;0.880043621;0.783495146;0.575250836;0.529230769;0.551282051;0.662068966;0.352941176;0.460431655;0.668888889;0.57806073;RandomForest;400;;1;;feature_4,feature_9,feature_11;9
0.591928251;0.461538462;0.518664047;0.719717065;0.887677208;0.794921875;0.600682594;0.541538462;0.569579288;0.594771242;0.334558824;0.428235294;0.673888889;0.577850126;RandomForest;400;;1;;feature_0,feature_7,feature_9;9
0.62254902;0.444055944;0.518367347;0.7109375;0.893129771;0.791686805;0.596721311;0.56;0.577777778;0.625899281;0.319852941;0.423357664;0.675;0.577797399;RandomForest;400;;1;;feature_5,feature_7,feature_11;9
0.656084656;0.433566434;0.522105263;0.704787234;0.86695747;0.777506112;0.588235294;0.553846154;0.570522979;0.559322034;0.363970588;0.440979955;0.665555556;0.577778578;RandomForest;400;;1;;feature_1,feature_3;10
0.630331754;0.465034965;0.535211268;0.70173913;0.880043621;0.7808418;0.607913669;0.52;0.56053068;0.583850932;0.345588235;0.434180139;0.668333333;0.577690971;RandomForest;400;;1;;feature_2,feature_8,feature_9;9
0.618604651;0.465034965;0.530938124;0.71064204;0.881134133;0.786757546;0.590909091;0.56;0.575039494;0.614285714;0.316176471;0.417475728;0.671666667;0.577552723;RandomForest;400;;1;;feature_3,feature_5;10
0.657754011;0.43006993;0.520084567;0.702821869;0.869138495;0.777181863;0.596721311;0.56;0.577777778;0.557471264;0.356617647;0.434977578;0.666111111;0.577505446;RandomForest;400;;1;;feature_1,feature_11;10
0.649038462;0.472027972;0.546558704;0.695614789;0.882224646;0.777884615;0.585858586;0.535384615;0.559485531;0.651515152;0.316176471;0.425742574;0.668888889;0.577417856;RandomForest;400;;1;;feature_7,feature_8,feature_10;9
0.610328638;0.454545455;0.521042084;0.708041958;0.883315158;0.786026201;0.581632653;0.526153846;0.552504039;0.630872483;0.345588235;0.446555819;0.669444444;0.576532036;RandomForest;400;;1;;feature_0,feature_3,feature_9;9
0.607655502;0.444055944;0.513131313;0.712014134;0.878953108;0.786725232;0.592948718;0.569230769;0.580847724;0.605442177;0.327205882;0.424821002;0.670555556;0.576381318;RandomForest;400;;1;;feature_3,feature_5,feature_7;9
0.637305699;0.43006993;0.513569937;0.694754944;0.881134133;0.776923077;0.588628763;0.541538462;0.564102564;0.648275862;0.345588235;0.450839329;0.667222222;0.576358727;RandomForest;400;;1;;feature_3,feature_9,feature_11;9
0.619909502;0.479020979;0.540433925;0.712765957;0.876772083;0.786308068;0.578431373;0.544615385;0.561014263;0.6;0.319852941;0.417266187;0.669444444;0.576255611;RandomForest;400;;1;;feature_5,feature_7,feature_8;9
0.637755102;0.437062937;0.518672199;0.692175408;0.877862595;0.774038462;0.562091503;0.529230769;0.545166403;0.703703704;0.349264706;0.466830467;0.665;0.576176883;RandomForest;400;;1;;feature_2,feature_6;10
0.648241206;0.451048951;0.531958763;0.694974003;0.874591058;0.77450507;0.559485531;0.535384615;0.547169811;0.676470588;0.338235294;0.450980392;0.665;0.576153509;RandomForest;400;;1;;feature_3,feature_6,feature_7;9
0.634517766;0.437062937;0.517598344;0.692439863;0.878953108;0.774627583;0.574750831;0.532307692;0.552715655;0.68115942;0.345588235;0.458536585;0.665555556;0.575869542;RandomForest;400;;1;;feature_6;11
0.594202899;0.43006993;0.498985801;0.715447154;0.863685932;0.782608696;0.622149837;0.587692308;0.60443038;0.525139665;0.345588235;0.416851441;0.666666667;0.575719079;RandomForest;400;;1;;feature_1,feature_3,feature_4;9
0.635897436;0.433566434;0.515592516;0.691910499;0.876772083;0.773448773;0.573289902;0.541538462;0.556962025;0.683823529;0.341911765;0.455882353;0.665;0.575471417;RandomForest;400;;1;;feature_6,feature_7;10
0.623115578;0.433566434;0.511340206;0.698209719;0.893129771;0.783732057;0.612099644;0.529230769;0.567656766;0.62585034;0.338235294;0.439140811;0.670555556;0.57546746;RandomForest;400;;1;;feature_9,feature_11;10
0.657608696;0.423076923;0.514893617;0.698510079;0.869138495;0.774538387;0.602649007;0.56;0.580542265;0.554913295;0.352941176;0.431460674;0.664444444;0.575358736;RandomForest;400;;1;;feature_1,feature_3,feature_11;9
0.62037037;0.468531469;0.533864542;0.707612457;0.892039258;0.789194404;0.595070423;0.52;0.55500821;0.611111111;0.323529412;0.423076923;0.671666667;0.57528602;RandomForest;400;;1;;feature_0,feature_9;10
0.639593909;0.440559441;0.52173913;0.693791946;0.901853871;0.784257942;0.602739726;0.541538462;0.570502431;0.697478992;0.305147059;0.42455243;0.673333333;0.575262983;RandomForest;400;;1;;feature_7,feature_10;10
0.610328638;0.454545455;0.521042084;0.705673759;0.868047983;0.778484108;0.565789474;0.529230769;0.546899841;0.625806452;0.356617647;0.454332553;0.663888889;0.575189646;RandomForest;400;;1;;feature_0,feature_8,feature_11;9
0.569506726;0.444055944;0.499017682;0.707638279;0.878953108;0.784046693;0.587030717;0.529230769;0.556634304;0.662068966;0.352941176;0.460431655;0.667222222;0.575032583;RandomForest;400;;1;;feature_0,feature_4;10
0.696629213;0.433566434;0.534482759;0.692044482;0.882224646;0.775647172;0.548387097;0.523076923;0.535433071;0.657342657;0.345588235;0.453012048;0.665;0.574643762;RandomForest;400;;1;;feature_6,feature_7,feature_11;9
0.650793651;0.43006993;0.517894737;0.705364996;0.874591058;0.780915287;0.592833876;0.56;0.575949367;0.556886228;0.341911765;0.423690205;0.666666667;0.574612399;RandomForest;400;;1;;feature_1,feature_2,feature_11;9
0.582524272;0.41958042;0.487804878;0.705161855;0.878953108;0.782524272;0.581632653;0.526153846;0.552504039;0.649681529;0.375;0.475524476;0.666111111;0.574589416;RandomForest;400;;1;;feature_0,feature_4,feature_11;9
0.656565657;0.454545455;0.537190083;0.696170213;0.892039258;0.782026769;0.584837545;0.498461538;0.53820598;0.62;0.341911765;0.440758294;0.668333333;0.574545281;RandomForest;400;;1;;feature_4,feature_8,feature_11;9
0.633165829;0.440559441;0.519587629;0.709106985;0.874591058;0.783203125;0.577777778;0.56;0.56875;0.587096774;0.334558824;0.426229508;0.667222222;0.574442566;RandomForest;400;;1;;feature_1,feature_2;10
0.671875;0.451048951;0.539748954;0.691049914;0.87568157;0.772486772;0.556666667;0.513846154;0.5344;0.643835616;0.345588235;0.449760766;0.662777778;0.574099123;RandomForest;400;;1;;feature_3,feature_6,feature_8;9
0.611650485;0.440559441;0.512195122;0.710832587;0.865866957;0.78072763;0.587859425;0.566153846;0.576802508;0.567073171;0.341911765;0.426605505;0.665;0.574082691;RandomForest;400;;1;;feature_4,feature_7;10
0.586363636;0.451048951;0.509881423;0.717117117;0.868047983;0.785397139;0.60130719;0.566153846;0.583201268;0.554878049;0.334558824;0.417431193;0.666666667;0.573977756;RandomForest;400;;1;;feature_3,feature_4,feature_7;9
0.621004566;0.475524476;0.538613861;0.704686118;0.869138495;0.778320313;0.590747331;0.510769231;0.547854785;0.562130178;0.349264706;0.430839002;0.663333333;0.57390699;RandomForest;400;;1;;feature_4,feature_7,feature_8;9
0.643979058;0.43006993;0.51572327;0.690556492;0.893129771;0.778887304;0.610169492;0.553846154;0.580645161;0.65625;0.308823529;0.42;0.67;0.573813934;RandomForest;400;;1;;feature_3,feature_10;10
0.646464646;0.447552448;0.52892562;0.685138539;0.889858233;0.774193548;0.589285714;0.507692308;0.545454545;0.687022901;0.330882353;0.446650124;0.666111111;0.573805959;RandomForest;400;;1;;feature_2,feature_8,feature_10;9
0.657894737;0.437062937;0.525210084;0.703287197;0.886586696;0.784370478;0.574324324;0.523076923;0.547504026;0.594936709;0.345588235;0.437209302;0.667777778;0.573573472;RandomForest;400;;1;;feature_2,feature_4,feature_8;9
0.64021164;0.423076923;0.509473684;0.706512043;0.863685932;0.777232581;0.582802548;0.563076923;0.572769953;0.551136364;0.356617647;0.433035714;0.662777778;0.573127983;RandomForest;400;;1;;feature_1,feature_7,feature_11;9
0.634615385;0.461538462;0.534412955;0.7100271;0.857142857;0.776679842;0.568690096;0.547692308;0.55799373;0.546511628;0.345588235;0.423423423;0.661111111;0.573127488;RandomForest;400;;1;;feature_1,feature_8;10
0.581730769;0.423076923;0.489878543;0.7023705;0.872410033;0.778210117;0.588628763;0.541538462;0.564102564;0.636363636;0.360294118;0.460093897;0.663888889;0.57307128;RandomForest;400;;1;;feature_3,feature_7,feature_9;9
0.610091743;0.465034965;0.527777778;0.709536308;0.884405671;0.787378641;0.590443686;0.532307692;0.55987055;0.595890411;0.319852941;0.416267943;0.668888889;0.572823728;RandomForest;400;;1;;feature_5,feature_8;10
0.631840796;0.444055944;0.521560575;0.68729097;0.896401309;0.7780407;0.609489051;0.513846154;0.557595993;0.674418605;0.319852941;0.433915212;0.668333333;0.57277812;RandomForest;400;;1;;feature_2,feature_10;10
0.640625;0.43006993;0.514644351;0.702464789;0.870229008;0.777398928;0.57980456;0.547692308;0.563291139;0.575757576;0.349264706;0.434782609;0.663333333;0.572529257;RandomForest;400;;1;;feature_1;11
0.638190955;0.444055944;0.52371134;0.71;0.851690294;0.774417452;0.570093458;0.563076923;0.566563467;0.533333333;0.352941176;0.424778761;0.659444444;0.572367755;RandomForest;400;;1;;feature_1,feature_7,feature_8;9
0.633165829;0.440559441;0.519587629;0.705729167;0.886586696;0.785886902;0.577777778;0.56;0.56875;0.626865672;0.308823529;0.413793103;0.669444444;0.572004409;RandomForest;400;;1;;feature_5;11
0.616504854;0.444055944;0.516260163;0.708626761;0.877862595;0.784218217;0.587096774;0.56;0.573228346;0.587837838;0.319852941;0.414285714;0.667222222;0.57199811;RandomForest;400;;1;;feature_4,feature_7,feature_11;9
0.679775281;0.423076923;0.521551724;0.688719254;0.885496183;0.77480916;0.556291391;0.516923077;0.535885167;0.666666667;0.345588235;0.455205811;0.663888889;0.571862966;RandomForest;400;;1;;feature_3,feature_6,feature_11;9
0.587677725;0.433566434;0.498993964;0.710526316;0.883315158;0.787554691;0.588424437;0.563076923;0.575471698;0.630434783;0.319852941;0.424390244;0.668888889;0.571602649;RandomForest;400;;1;;feature_2,feature_5;10
0.661375661;0.437062937;0.526315789;0.690128755;0.876772083;0.772334294;0.557755776;0.52;0.538216561;0.65034965;0.341911765;0.448192771;0.661666667;0.571264854;RandomForest;400;;1;;feature_6,feature_8;10
0.659217877;0.412587413;0.507526882;0.689830508;0.887677208;0.776347163;0.563517915;0.532307692;0.547468354;0.686567164;0.338235294;0.45320197;0.665;0.571136092;RandomForest;400;;1;;feature_2,feature_4,feature_6;9
0.626865672;0.440559441;0.517453799;0.703014184;0.864776445;0.775550122;0.59;0.544615385;0.5664;0.549707602;0.345588235;0.424379233;0.661111111;0.570945788;RandomForest;400;;1;;feature_1,feature_7;10
0.606060606;0.41958042;0.495867769;0.694799659;0.888767721;0.779904306;0.582758621;0.52;0.549593496;0.676258993;0.345588235;0.457420925;0.665555556;0.570696624;RandomForest;400;;1;;feature_0,feature_6,feature_7;9
0.650273224;0.416083916;0.507462687;0.698412698;0.863685932;0.772306192;0.589576547;0.556923077;0.57278481;0.545454545;0.352941176;0.428571429;0.66;0.570281279;RandomForest;400;;1;;feature_1,feature_8,feature_11;9
0.599078341;0.454545455;0.516898608;0.702726473;0.87131952;0.777994158;0.575438596;0.504615385;0.537704918;0.602484472;0.356617647;0.448036952;0.661111111;0.570158659;RandomForest;400;;1;;feature_0,feature_4,feature_8;9
0.599033816;0.433566434;0.503042596;0.710758377;0.878953108;0.785958069;0.585209003;0.56;0.572327044;0.594594595;0.323529412;0.419047619;0.666666667;0.570093832;RandomForest;400;;1;;feature_5,feature_7,feature_9;9
0.585253456;0.444055944;0.504970179;0.696763203;0.892039258;0.782400765;0.618055556;0.547692308;0.580750408;0.669421488;0.297794118;0.41221374;0.668888889;0.570083773;RandomForest;400;;1;;feature_0,feature_7,feature_10;9
0.621761658;0.41958042;0.501043841;0.700084962;0.898582334;0.787010506;0.604240283;0.526153846;0.5625;0.612244898;0.330882353;0.429594272;0.669444444;0.570037155;RandomForest;400;;1;;feature_5,feature_11;10
0.625615764;0.444055944;0.519427403;0.701691897;0.859323882;0.77254902;0.599348534;0.566153846;0.582278481;0.532934132;0.327205882;0.40546697;0.66;0.569930468;RandomForest;400;;1;;feature_0,feature_1,feature_3;9
0.621359223;0.447552448;0.520325203;0.694799659;0.888767721;0.779904306;0.602739726;0.541538462;0.570502431;0.635658915;0.301470588;0.408977556;0.667222222;0.569927374;RandomForest;400;;1;;feature_3,feature_4,feature_10;9
0.654639175;0.444055944;0.529166667;0.691452991;0.882224646;0.775275515;0.556291391;0.516923077;0.535885167;0.664179104;0.327205882;0.438423645;0.662777778;0.569687749;RandomForest;400;;1;;feature_2,feature_6,feature_7;9
0.606796117;0.437062937;0.508130081;0.691580756;0.877862595;0.773666506;0.566101695;0.513846154;0.538709677;0.688888889;0.341911765;0.457002457;0.661111111;0.569377181;RandomForest;400;;1;;feature_0,feature_3,feature_6;9
0.587677725;0.433566434;0.498993964;0.711013216;0.880043621;0.786549708;0.583333333;0.538461538;0.56;0.597402597;0.338235294;0.431924883;0.665555556;0.569367139;RandomForest;400;;1;;feature_0,feature_2,feature_4;9
0.601941748;0.433566434;0.504065041;0.714791851;0.880043621;0.788856305;0.579113924;0.563076923;0.570982839;0.583892617;0.319852941;0.413301663;0.667222222;0.569301462;RandomForest;400;;1;;feature_2,feature_4,feature_7;9
0.607476636;0.454545455;0.52;0.710909091;0.852780807;0.775409023;0.576433121;0.556923077;0.566510172;0.534883721;0.338235294;0.414414414;0.658333333;0.569083402;RandomForest;400;;1;;feature_1,feature_3,feature_7;9
0.616915423;0.433566434;0.509240246;0.694397284;0.892039258;0.780906921;0.60137457;0.538461538;0.568181818;0.646153846;0.308823529;0.417910448;0.667222222;0.569059858;RandomForest;400;;1;;feature_4,feature_10;10
0.583333333;0.440559441;0.501992032;0.692107546;0.870229008;0.771014493;0.592334495;0.523076923;0.555555556;0.645833333;0.341911765;0.447115385;0.659444444;0.568919366;RandomForest;400;;1;;feature_3,feature_4,feature_9;9
0.617647059;0.440559441;0.514285714;0.704;0.863685932;0.775710088;0.590909091;0.56;0.575039494;0.54601227;0.327205882;0.409195402;0.660555556;0.568557675;RandomForest;400;;1;;feature_1,feature_2,feature_8;9
0.6;0.43006993;0.50101833;0.695764909;0.877862595;0.776277724;0.578231293;0.523076923;0.549273021;0.645833333;0.341911765;0.447115385;0.661666667;0.568421115;RandomForest;400;;1;;feature_2,feature_3,feature_9;9
0.654450262;0.437062937;0.524109015;0.683028286;0.895310796;0.774893818;0.573426573;0.504615385;0.536824877;0.710743802;0.316176471;0.437659033;0.664444444;0.568371686;RandomForest;400;;1;;feature_3,feature_6,feature_9;9
0.613065327;0.426573427;0.503092784;0.690152801;0.886586696;0.776133652;0.567944251;0.501538462;0.532679739;0.691176471;0.345588235;0.460784314;0.662222222;0.568172622;RandomForest;400;;1;;feature_0,feature_2,feature_6;9
0.628712871;0.444055944;0.520491803;0.68196995;0.890948746;0.772576832;0.601398601;0.529230769;0.563011457;0.701754386;0.294117647;0.414507772;0.664444444;0.567646966;RandomForest;400;;1;;feature_7,feature_10,feature_11;9
0.687150838;0.43006993;0.529032258;0.680203046;0.876772083;0.766079085;0.54109589;0.486153846;0.512155592;0.659863946;0.356617647;0.46300716;0.656666667;0.567568524;RandomForest;400;;1;;feature_6,feature_8,feature_11;9
0.645833333;0.433566434;0.518828452;0.690972222;0.868047983;0.769453842;0.560260586;0.529230769;0.544303797;0.617449664;0.338235294;0.437054632;0.657777778;0.567410181;RandomForest;400;;1;;feature_3,feature_4,feature_6;9
0.647959184;0.444055944;0.526970954;0.684123026;0.897491821;0.776415094;0.594982079;0.510769231;0.549668874;0.672131148;0.301470588;0.416243655;0.665555556;0.567324644;RandomForest;400;;1;;feature_8,feature_10,feature_11;9
0.586206897;0.416083916;0.486707566;0.706866197;0.87568157;0.782269849;0.581168831;0.550769231;0.565560821;0.60130719;0.338235294;0.432941176;0.662777778;0.566869853;RandomForest;400;;1;;feature_0,feature_2,feature_5;9
0.625592417;0.461538462;0.531187123;0.693230506;0.882224646;0.776391555;0.587121212;0.476923077;0.526315789;0.588607595;0.341911765;0.43255814;0.660555556;0.566613152;RandomForest;400;;1;;feature_4,feature_8,feature_9;9
0.628272251;0.41958042;0.503144654;0.688851913;0.902944384;0.781500708;0.614035088;0.538461538;0.573770492;0.655737705;0.294117647;0.406091371;0.668333333;0.566126806;RandomForest;400;;1;;feature_10;11
0.584541063;0.423076923;0.490872211;0.709312446;0.888767721;0.788964182;0.581939799;0.535384615;0.557692308;0.613793103;0.327205882;0.426858513;0.666111111;0.566096803;RandomForest;400;;1;;feature_2,feature_5,feature_11;9
0.589622642;0.437062937;0.502008032;0.712511091;0.87568157;0.785714286;0.570032573;0.538461538;0.553797468;0.584415584;0.330882353;0.422535211;0.662777778;0.566013749;RandomForest;400;;1;;feature_2,feature_5,feature_8;9
0.580645161;0.440559441;0.500994036;0.708516242;0.880043621;0.785019455;0.593220339;0.538461538;0.564516129;0.583892617;0.319852941;0.413301663;0.663888889;0.565957821;RandomForest;400;;1;;feature_4,feature_7,feature_9;9
0.587301587;0.388111888;0.467368421;0.709964413;0.870229008;0.781969623;0.59807074;0.572307692;0.58490566;0.545454545;0.352941176;0.428571429;0.661666667;0.565703783;RandomForest;400;;1;;feature_1,feature_4,feature_11;9
0.625;0.41958042;0.50209205;0.682823129;0.87568157;0.767319637;0.566225166;0.526153846;0.545454545;0.692307692;0.330882353;0.447761194;0.657777778;0.565656857;RandomForest;400;;1;;feature_4,feature_6;10
0.624365482;0.43006993;0.50931677;0.686307054;0.901853871;0.779453346;0.61130742;0.532307692;0.569078947;0.67826087;0.286764706;0.403100775;0.667222222;0.56523746;RandomForest;400;;1;;feature_10,feature_11;10
0.606796117;0.437062937;0.508130081;0.70212766;0.863685932;0.774572127;0.590443686;0.532307692;0.55987055;0.537572254;0.341911765;0.417977528;0.657222222;0.565137572;RandomForest;400;;1;;feature_0,feature_1;10
0.618811881;0.437062937;0.512295082;0.688946015;0.876772083;0.77159309;0.556666667;0.513846154;0.5344;0.679389313;0.327205882;0.441687345;0.658333333;0.564993879;RandomForest;400;;1;;feature_6,feature_9;10
0.624365482;0.43006993;0.50931677;0.687767322;0.876772083;0.770853308;0.563333333;0.52;0.5408;0.664179104;0.327205882;0.438423645;0.658333333;0.564848431;RandomForest;400;;1;;feature_4,feature_6,feature_9;9
0.570048309;0.412587413;0.478701826;0.704645048;0.876772083;0.781341108;0.588996764;0.56;0.574132492;0.615384615;0.323529412;0.424096386;0.662222222;0.564567953;RandomForest;400;;1;;feature_0,feature_5,feature_7;9
0.561702128;0.461538462;0.50671785;0.71024735;0.876772083;0.78477306;0.577464789;0.504615385;0.538587849;0.604026846;0.330882353;0.427553444;0.661111111;0.564408051;RandomForest;400;;1;;feature_0,feature_4,feature_9;9
0.589861751;0.447552448;0.508946322;0.703639515;0.885496183;0.78416224;0.603636364;0.510769231;0.553333333;0.564935065;0.319852941;0.408450704;0.662777778;0.56372315;RandomForest;400;;1;;feature_0,feature_2,feature_9;9
0.564593301;0.412587413;0.476767677;0.707338638;0.872410033;0.78125;0.583870968;0.556923077;0.57007874;0.6;0.330882353;0.426540284;0.660555556;0.563659175;RandomForest;400;;1;;feature_3,feature_4,feature_5;9
0.578703704;0.437062937;0.498007968;0.706445993;0.884405671;0.785472155;0.586666667;0.541538462;0.5632;0.610294118;0.305147059;0.406862745;0.663888889;0.563385717;RandomForest;400;;1;;feature_5,feature_9;10
0.598039216;0.426573427;0.497959184;0.689166667;0.901853871;0.781294284;0.620437956;0.523076923;0.567612688;0.655737705;0.294117647;0.406091371;0.666111111;0.563239382;RandomForest;400;;1;;feature_0,feature_10;10
0.672222222;0.423076923;0.519313305;0.681818182;0.883315158;0.7695962;0.525252525;0.48;0.501607717;0.696296296;0.345588235;0.461916462;0.656111111;0.563108421;RandomForest;400;;1;;feature_6,feature_11;10
0.606965174;0.426573427;0.501026694;0.694127958;0.863685932;0.7696793;0.604095563;0.544615385;0.572815534;0.539393939;0.327205882;0.407322654;0.655555556;0.562711046;RandomForest;400;;1;;feature_1,feature_9;10
0.577669903;0.416083916;0.483739837;0.704090513;0.882224646;0.783155857;0.585858586;0.535384615;0.559485531;0.601351351;0.327205882;0.423809524;0.661666667;0.562547687;RandomForest;400;;1;;feature_0,feature_3,feature_5;9
0.664835165;0.423076923;0.517094017;0.683209264;0.900763359;0.777046096;0.594202899;0.504615385;0.545757072;0.62406015;0.305147059;0.409876543;0.663333333;0.562443432;RandomForest;400;;1;;feature_2,feature_3,feature_10;9
0.591928251;0.461538462;0.518664047;0.704347826;0.883315158;0.783744557;0.568345324;0.486153846;0.524046434;0.597315436;0.327205882;0.42280285;0.660555556;0.562314472;RandomForest;400;;1;;feature_5,feature_8,feature_9;9
0.591549296;0.440559441;0.50501002;0.710144928;0.854961832;0.775853538;0.567741935;0.541538462;0.554330709;0.531791908;0.338235294;0.413483146;0.654444444;0.562169353;RandomForest;400;;1;;feature_0,feature_1,feature_7;9
0.613861386;0.433566434;0.508196721;0.692838654;0.87568157;0.773603083;0.580327869;0.544615385;0.561904762;0.611940299;0.301470588;0.403940887;0.658888889;0.561911363;RandomForest;400;;1;;feature_3,feature_5,feature_9;9
0.557788945;0.388111888;0.457731959;0.712488769;0.864776445;0.781280788;0.588607595;0.572307692;0.580343214;0.552325581;0.349264706;0.427927928;0.658333333;0.561820972;RandomForest;400;;1;;feature_1,feature_4;10
0.672222222;0.423076923;0.519313305;0.678151261;0.880043621;0.766018035;0.555932203;0.504615385;0.529032258;0.651851852;0.323529412;0.432432432;0.655555556;0.561699008;RandomForest;400;;1;;feature_6,feature_8,feature_10;9
0.553571429;0.433566434;0.48627451;0.712365591;0.86695747;0.782095425;0.566343042;0.538461538;0.552050473;0.59602649;0.330882353;0.425531915;0.657777778;0.561488081;RandomForest;400;;1;;feature_0,feature_4,feature_7;9
0.625641026;0.426573427;0.507276507;0.696069869;0.869138495;0.773035887;0.559485531;0.535384615;0.547169811;0.590604027;0.323529412;0.418052257;0.656111111;0.561383616;RandomForest;400;;1;;feature_4,feature_6,feature_7;9
0.575129534;0.388111888;0.463465553;0.700429185;0.889858233;0.783861671;0.595155709;0.529230769;0.560260586;0.607843137;0.341911765;0.437647059;0.662222222;0.561308717;RandomForest;400;;1;;feature_0,feature_5,feature_11;9
0.608247423;0.412587413;0.491666667;0.68877551;0.883315158;0.7740086;0.569444444;0.504615385;0.535073409;0.647887324;0.338235294;0.444444444;0.657777778;0.56129828;RandomForest;400;;1;;feature_0,feature_6;10
0.580188679;0.43006993;0.493975904;0.697998259;0.874591058;0.776379477;0.58245614;0.510769231;0.544262295;0.590909091;0.334558824;0.427230047;0.656666667;0.560461931;RandomForest;400;;1;;feature_2,feature_4,feature_9;9
0.567307692;0.412587413;0.477732794;0.706654991;0.880043621;0.783875668;0.566666667;0.523076923;0.544;0.613333333;0.338235294;0.436018957;0.659444444;0.560406855;RandomForest;400;;1;;feature_0,feature_5,feature_8;9
0.61928934;0.426573427;0.505175983;0.691845494;0.878953108;0.774255524;0.548611111;0.486153846;0.515497553;0.626666667;0.345588235;0.44549763;0.655555556;0.560106673;RandomForest;400;;1;;feature_0,feature_6,feature_8;9
0.586387435;0.391608392;0.469601677;0.697694278;0.890948746;0.78256705;0.591065292;0.529230769;0.558441558;0.612244898;0.330882353;0.429594272;0.661666667;0.560051139;RandomForest;400;;1;;feature_5,feature_8,feature_11;9
0.606217617;0.409090909;0.488517745;0.697980685;0.86695747;0.773346304;0.592833876;0.56;0.575949367;0.540372671;0.319852941;0.401847575;0.656111111;0.559915248;RandomForest;400;;1;;feature_1,feature_5;10
0.548672566;0.433566434;0.484375;0.708591674;0.872410033;0.782013685;0.567656766;0.529230769;0.547770701;0.61971831;0.323529412;0.425120773;0.657777778;0.55982004;RandomForest;400;;1;;feature_4,feature_5,feature_9;9
0.614213198;0.423076923;0.501035197;0.699381079;0.86259542;0.772460938;0.578947368;0.541538462;0.559618442;0.529761905;0.327205882;0.404545455;0.653888889;0.559415008;RandomForest;400;;1;;feature_0,feature_1,feature_11;9
0.611111111;0.423076923;0.5;0.689246401;0.887677208;0.775977121;0.593220339;0.538461538;0.564516129;0.626984127;0.290441176;0.396984925;0.660555556;0.559369544;RandomForest;400;;1;;feature_3,feature_5,feature_10;9
0.604878049;0.433566434;0.50509165;0.704727921;0.861504907;0.775269872;0.579439252;0.572307692;0.575851393;0.529411765;0.297794118;0.381176471;0.656111111;0.559347346;RandomForest;400;;1;;feature_1,feature_2,feature_7;9
0.589371981;0.426573427;0.494929006;0.693929174;0.897491821;0.782691393;0.596428571;0.513846154;0.552066116;0.637795276;0.297794118;0.406015038;0.662777778;0.558925388;RandomForest;400;;1;;feature_0,feature_8,feature_10;9
0.617346939;0.423076923;0.502074689;0.679433805;0.889858233;0.770538244;0.602787456;0.532307692;0.565359477;0.663793103;0.283088235;0.396907216;0.659444444;0.558719907;RandomForest;400;;1;;feature_3,feature_10,feature_11;9
0.61;0.426573427;0.502057613;0.698230088;0.860414395;0.770884221;0.586885246;0.550769231;0.568253968;0.521212121;0.316176471;0.393592677;0.653333333;0.55869712;RandomForest;400;;1;;feature_1,feature_3,feature_5;9
0.654639175;0.444055944;0.529166667;0.68797954;0.880043621;0.772248804;0.544827586;0.486153846;0.513821138;0.608391608;0.319852941;0.419277108;0.655;0.558628429;RandomForest;400;;1;;feature_6,feature_8,feature_9;9
0.632653061;0.433566434;0.514522822;0.690455718;0.87568157;0.772115385;0.549206349;0.532307692;0.540625;0.642857143;0.297794118;0.407035176;0.656111111;0.558574596;RandomForest;400;;1;;feature_5,feature_6,feature_7;9
0.586538462;0.426573427;0.493927126;0.696551724;0.881134133;0.778045258;0.578947368;0.507692308;0.540983607;0.598639456;0.323529412;0.420047733;0.657222222;0.558250931;RandomForest;400;;1;;feature_0,feature_9,feature_11;9
0.54368932;0.391608392;0.455284553;0.705207414;0.87131952;0.779512195;0.57278481;0.556923077;0.56474259;0.620689655;0.330882353;0.431654676;0.656666667;0.557798503;RandomForest;400;;1;;feature_4,feature_5;10
0.613065327;0.426573427;0.503092784;0.692899914;0.883315158;0.776605944;0.550675676;0.501538462;0.524959742;0.639705882;0.319852941;0.426470588;0.656666667;0.557782265;RandomForest;400;;1;;feature_6,feature_7,feature_9;9
0.644808743;0.412587413;0.503198294;0.674937965;0.889858233;0.767638758;0.575862069;0.513846154;0.543089431;0.686440678;0.297794118;0.415384615;0.656666667;0.557327775;RandomForest;400;;1;;feature_6,feature_10;10
0.548837209;0.412587413;0.471057884;0.714415231;0.859323882;0.78019802;0.590759076;0.550769231;0.570063694;0.51396648;0.338235294;0.407982262;0.653888889;0.557325465;RandomForest;400;;1;;feature_0,feature_1,feature_4;9
0.670454545;0.412587413;0.510822511;0.679229481;0.884405671;0.768356229;0.540540541;0.492307692;0.515297907;0.656716418;0.323529412;0.433497537;0.653888889;0.556993546;RandomForest;400;;1;;feature_4,feature_6,feature_11;9
0.668604651;0.402097902;0.502183406;0.680602007;0.887677208;0.770468528;0.523648649;0.476923077;0.499194847;0.683823529;0.341911765;0.455882353;0.653888889;0.556932284;RandomForest;400;;1;;feature_2,feature_6,feature_11;9
0.610837438;0.433566434;0.507157464;0.69707401;0.883315158;0.779220779;0.569131833;0.544615385;0.556603774;0.612903226;0.279411765;0.383838384;0.659444444;0.5567051;RandomForest;400;;1;;feature_5,feature_7,feature_10;9
0.605;0.423076923;0.497942387;0.697345133;0.859323882;0.769907181;0.568561873;0.523076923;0.544871795;0.532163743;0.334558824;0.410835214;0.65;0.555889144;RandomForest;400;;1;;feature_1,feature_8,feature_9;9
0.567961165;0.409090909;0.475609756;0.705724508;0.860414395;0.775429975;0.589225589;0.538461538;0.562700965;0.51396648;0.338235294;0.407982262;0.651666667;0.555430739;RandomForest;400;;1;;feature_1,feature_4,feature_8;9
0.625668449;0.409090909;0.494714588;0.681931724;0.893129771;0.773371105;0.583629893;0.504615385;0.541254125;0.633587786;0.305147059;0.41191067;0.657222222;0.555312622;RandomForest;400;;1;;feature_2,feature_10,feature_11;9
0.606060606;0.41958042;0.495867769;0.706144256;0.864776445;0.77745098;0.574675325;0.544615385;0.559241706;0.502923977;0.316176471;0.388261851;0.653333333;0.555205577;RandomForest;400;;1;;feature_1,feature_2,feature_5;9
0.652173913;0.41958042;0.510638298;0.676324503;0.890948746;0.768941176;0.576923077;0.507692308;0.5400982;0.647540984;0.290441176;0.401015228;0.656111111;0.555173226;RandomForest;400;;1;;feature_3,feature_6,feature_10;9
0.631868132;0.402097902;0.491452991;0.681281619;0.881134133;0.768426058;0.5395189;0.483076923;0.50974026;0.659574468;0.341911765;0.450363196;0.651666667;0.554995626;RandomForest;400;;1;;feature_0,feature_6,feature_11;9
0.591160221;0.374125874;0.458244111;0.701208981;0.885496183;0.782650602;0.55799373;0.547692308;0.552795031;0.61971831;0.323529412;0.425120773;0.658333333;0.554702629;RandomForest;400;;1;;feature_4,feature_5,feature_11;9
0.62;0.433566434;0.510288066;0.679054054;0.876772083;0.765349833;0.554421769;0.501538462;0.526655897;0.672131148;0.301470588;0.416243655;0.651666667;0.554634363;RandomForest;400;;1;;feature_2,feature_6,feature_9;9
0.664864865;0.43006993;0.522292994;0.683760684;0.872410033;0.766650695;0.532423208;0.48;0.504854369;0.592105263;0.330882353;0.424528302;0.649444444;0.55458159;RandomForest;400;;1;;feature_4,feature_6,feature_8;9
0.585365854;0.41958042;0.488798371;0.689713322;0.892039258;0.777936282;0.61130742;0.532307692;0.569078947;0.603174603;0.279411765;0.381909548;0.659444444;0.554430787;RandomForest;400;;1;;feature_0,feature_3,feature_10;9
0.593908629;0.409090909;0.48447205;0.690756303;0.896401309;0.780256289;0.585616438;0.526153846;0.554294976;0.644628099;0.286764706;0.396946565;0.66;0.55399247;RandomForest;400;;1;;feature_5,feature_10;10
0.586387435;0.391608392;0.469601677;0.699655766;0.886586696;0.782106782;0.564784053;0.523076923;0.54313099;0.602739726;0.323529412;0.421052632;0.657222222;0.55397302;RandomForest;400;;1;;feature_0,feature_5;10
0.572815534;0.412587413;0.479674797;0.698630137;0.889858233;0.782733813;0.585365854;0.516923077;0.549019608;0.597122302;0.305147059;0.403892944;0.658333333;0.55383029;RandomForest;400;;1;;feature_5,feature_9,feature_11;9
0.585365854;0.41958042;0.488798371;0.698752228;0.854961832;0.769004414;0.580327869;0.544615385;0.561904762;0.517857143;0.319852941;0.395454545;0.648888889;0.553790523;RandomForest;400;;1;;feature_1,feature_5,feature_7;9
0.573459716;0.423076923;0.486921529;0.701230228;0.870229008;0.776642336;0.601423488;0.52;0.557755776;0.511764706;0.319852941;0.393665158;0.652777778;0.5537462;RandomForest;400;;1;;feature_0,feature_1,feature_9;9
0.577114428;0.405594406;0.476386037;0.689922481;0.873500545;0.77093359;0.545762712;0.495384615;0.519354839;0.65034965;0.341911765;0.448192771;0.650555556;0.553716809;RandomForest;400;;1;;feature_0,feature_4,feature_6;9
0.606060606;0.41958042;0.495867769;0.700976043;0.861504907;0.772994129;0.575250836;0.529230769;0.551282051;0.5;0.323529412;0.392857143;0.65;0.553250273;RandomForest;400;;1;;feature_1,feature_5,feature_8;9
0.58411215;0.437062937;0.5;0.697493518;0.880043621;0.778206365;0.56993007;0.501538462;0.533551555;0.58041958;0.305147059;0.4;0.654444444;0.55293948;RandomForest;400;;1;;feature_2,feature_5,feature_9;9
0.602040816;0.412587413;0.489626556;0.690622261;0.859323882;0.765792031;0.583606557;0.547692308;0.565079365;0.53164557;0.308823529;0.390697674;0.648888889;0.552798907;RandomForest;400;;1;;feature_1,feature_3,feature_9;9
0.642857143;0.440559441;0.522821577;0.692175408;0.877862595;0.774038462;0.53015873;0.513846154;0.521875;0.619047619;0.286764706;0.391959799;0.653333333;0.552673709;RandomForest;400;;1;;feature_2,feature_5,feature_6;9
0.626262626;0.433566434;0.512396694;0.678541839;0.893129771;0.771186441;0.584269663;0.48;0.527027027;0.625;0.294117647;0.4;0.655;0.55265254;RandomForest;400;;1;;feature_4,feature_8,feature_10;9
0.552036199;0.426573427;0.481262327;0.706713781;0.872410033;0.780868716;0.573825503;0.526153846;0.548956661;0.563758389;0.308823529;0.399049881;0.653888889;0.552534397;RandomForest;400;;1;;feature_4,feature_5,feature_7;9
0.636842105;0.423076923;0.508403361;0.68456948;0.87568157;0.768421053;0.547854785;0.510769231;0.52866242;0.611940299;0.301470588;0.403940887;0.651111111;0.55235693;RandomForest;400;;1;;feature_3,feature_5,feature_6;9
0.595;0.416083916;0.489711934;0.696699376;0.851690294;0.766437684;0.586319218;0.553846154;0.569620253;0.494186047;0.3125;0.382882883;0.647222222;0.552163189;RandomForest;400;;1;;feature_1,feature_7,feature_9;9
0.576719577;0.381118881;0.458947368;0.706090026;0.872410033;0.780487805;0.583333333;0.56;0.571428571;0.524096386;0.319852941;0.397260274;0.654444444;0.552031005;RandomForest;400;;1;;feature_1,feature_2,feature_4;9
0.633507853;0.423076923;0.507337526;0.685859441;0.883315158;0.772163966;0.556291391;0.516923077;0.535885167;0.619047619;0.286764706;0.391959799;0.653888889;0.551836615;RandomForest;400;;1;;feature_5,feature_6;10
0.631868132;0.402097902;0.491452991;0.674708819;0.884405671;0.765455403;0.571917808;0.513846154;0.541329011;0.653225806;0.297794118;0.409090909;0.652222222;0.551832079;RandomForest;400;;1;;feature_6,feature_7,feature_10;9
0.585492228;0.395104895;0.471816284;0.69816273;0.870229008;0.774757282;0.603389831;0.547692308;0.574193548;0.50295858;0.3125;0.385487528;0.652222222;0.551563661;RandomForest;400;;1;;feature_1,feature_9,feature_11;9
0.625;0.41958042;0.50209205;0.683176772;0.872410033;0.766283525;0.576791809;0.52;0.546925566;0.5625;0.297794118;0.389423077;0.65;0.551181055;RandomForest;400;;1;;feature_1,feature_3,feature_10;9
0.588516746;0.43006993;0.496969697;0.706989247;0.860414395;0.776192818;0.566878981;0.547692308;0.557120501;0.50310559;0.297794118;0.374133949;0.650555556;0.551104241;RandomForest;400;;1;;feature_1,feature_5,feature_9;9
0.599009901;0.423076923;0.495901639;0.688399661;0.886586696;0.775023832;0.604166667;0.535384615;0.567699837;0.565891473;0.268382353;0.364089776;0.656111111;0.550678771;RandomForest;400;;1;;feature_4,feature_7,feature_10;9
0.635359116;0.402097902;0.492505353;0.677713339;0.892039258;0.770244821;0.570469799;0.523076923;0.545746388;0.666666667;0.279411765;0.393782383;0.655;0.550569737;RandomForest;400;;1;;feature_5,feature_6,feature_10;9
0.631313131;0.437062937;0.516528926;0.684884714;0.874591058;0.768199234;0.526315789;0.492307692;0.508744038;0.637795276;0.297794118;0.406015038;0.648888889;0.549871809;RandomForest;400;;1;;feature_5,feature_6,feature_9;9
0.618556701;0.41958042;0.5;0.687554395;0.861504907;0.764762827;0.574257426;0.535384615;0.554140127;0.525974026;0.297794118;0.38028169;0.647222222;0.549796161;RandomForest;400;;1;;feature_1,feature_7,feature_10;9
0.538461538;0.367132867;0.436590437;0.697898424;0.869138495;0.774162215;0.568253968;0.550769231;0.559375;0.608108108;0.330882353;0.428571429;0.650555556;0.54967477;RandomForest;400;;1;;feature_0,feature_4,feature_5;9
0.609137056;0.41958042;0.49689441;0.683459278;0.887677208;0.772296015;0.566101695;0.513846154;0.538709677;0.64957265;0.279411765;0.390745501;0.653888889;0.549661401;RandomForest;400;;1;;feature_2,feature_5,feature_10;9
0.66091954;0.402097902;0.5;0.679896462;0.859323882;0.759152216;0.546357616;0.507692308;0.526315789;0.545454545;0.330882353;0.411899314;0.643333333;0.54934183;RandomForest;400;;1;;feature_1,feature_6,feature_8;9
0.56185567;0.381118881;0.454166667;0.6969163;0.86259542;0.770955166;0.583333333;0.538461538;0.56;0.532163743;0.334558824;0.410835214;0.647777778;0.548989262;RandomForest;400;;1;;feature_0,feature_1,feature_5;9
0.606060606;0.41958042;0.495867769;0.675856307;0.882224646;0.765373699;0.568421053;0.498461538;0.531147541;0.658333333;0.290441176;0.403061224;0.65;0.548862558;RandomForest;400;;1;;feature_4,feature_6,feature_10;9
0.633879781;0.405594406;0.49466951;0.681779299;0.869138495;0.764141898;0.547854785;0.510769231;0.52866242;0.586206897;0.3125;0.407673861;0.646666667;0.548786922;RandomForest;400;;1;;feature_1,feature_2,feature_6;9
0.587939698;0.409090909;0.482474227;0.679900744;0.896401309;0.773283161;0.589552239;0.486153846;0.532883642;0.64516129;0.294117647;0.404040404;0.653888889;0.548170359;RandomForest;400;;1;;feature_0,feature_2,feature_10;9
0.611111111;0.423076923;0.5;0.681663837;0.87568157;0.766587112;0.548275862;0.489230769;0.517073171;0.619402985;0.305147059;0.408866995;0.647777778;0.548131819;RandomForest;400;;1;;feature_0,feature_6,feature_9;9
0.578947368;0.384615385;0.462184874;0.693379791;0.868047983;0.77094431;0.585284281;0.538461538;0.560897436;0.527607362;0.316176471;0.395402299;0.648333333;0.54735723;RandomForest;400;;1;;feature_1,feature_5,feature_11;9
0.557692308;0.405594406;0.469635628;0.7004329;0.882224646;0.780888031;0.569444444;0.504615385;0.535073409;0.570469799;0.3125;0.403800475;0.652222222;0.547349386;RandomForest;400;;1;;feature_0,feature_5,feature_9;9
0.624338624;0.412587413;0.496842105;0.685689949;0.877862595;0.769966523;0.591216216;0.538461538;0.563607085;0.524822695;0.272058824;0.358353511;0.651111111;0.547192306;RandomForest;400;;1;;feature_1,feature_10;10
0.650537634;0.423076923;0.512711864;0.688966116;0.864776445;0.766924565;0.562700965;0.538461538;0.550314465;0.5;0.279411765;0.358490566;0.647222222;0.547110365;RandomForest;400;;1;;feature_1,feature_8,feature_10;9
0.569892473;0.370629371;0.449152542;0.693462898;0.856052345;0.766227428;0.602006689;0.553846154;0.576923077;0.491803279;0.330882353;0.395604396;0.645;0.546976861;RandomForest;400;;1;;feature_1,feature_4,feature_9;9
0.648351648;0.412587413;0.504273504;0.670792079;0.886586696;0.763738845;0.536842105;0.470769231;0.501639344;0.67768595;0.301470588;0.417302799;0.647777778;0.546738623;RandomForest;400;;1;;feature_2,feature_6,feature_10;9
0.637931034;0.388111888;0.482608696;0.680497925;0.894220284;0.772855796;0.529010239;0.476923077;0.501618123;0.6640625;0.3125;0.425;0.650555556;0.545520654;RandomForest;400;;1;;feature_5,feature_6,feature_11;9
0.595959596;0.412587413;0.487603306;0.675742574;0.893129771;0.769375294;0.579136691;0.495384615;0.533996683;0.669642857;0.275735294;0.390625;0.651666667;0.545400071;RandomForest;400;;1;;feature_4,feature_10,feature_11;9
0.629213483;0.391608392;0.482758621;0.681780017;0.885496183;0.770398482;0.523178808;0.486153846;0.503987241;0.658914729;0.3125;0.42394015;0.648333333;0.545271123;RandomForest;400;;1;;feature_6,feature_9,feature_11;9
0.58;0.405594406;0.477366255;0.687016337;0.87131952;0.768269231;0.602787456;0.532307692;0.565359477;0.52;0.286764706;0.369668246;0.647777778;0.545165802;RandomForest;400;;1;;feature_0,feature_1,feature_10;9
0.597938144;0.405594406;0.483333333;0.683151718;0.888767721;0.772511848;0.571917808;0.513846154;0.541329011;0.619834711;0.275735294;0.381679389;0.651666667;0.544713396;RandomForest;400;;1;;feature_5,feature_8,feature_10;9
0.5625;0.409090909;0.473684211;0.689003436;0.874591058;0.770783277;0.590106007;0.513846154;0.549342105;0.551724138;0.294117647;0.383693046;0.647777778;0.54437566;RandomForest;400;;1;;feature_2,feature_7,feature_9;9
0.563157895;0.374125874;0.449579832;0.6875;0.87568157;0.770263789;0.562289562;0.513846154;0.536977492;0.6;0.319852941;0.417266187;0.646666667;0.543521825;RandomForest;400;;1;;feature_4,feature_5,feature_8;9
0.595744681;0.391608392;0.47257384;0.686137751;0.85823337;0.762596899;0.545751634;0.513846154;0.529318542;0.553459119;0.323529412;0.408352668;0.641111111;0.543210487;RandomForest;400;;1;;feature_1,feature_6,feature_7;9
0.613756614;0.405594406;0.488421053;0.678008299;0.890948746;0.770028275;0.575;0.495384615;0.532231405;0.603174603;0.279411765;0.381909548;0.65;0.54314757;RandomForest;400;;1;;feature_2,feature_4,feature_10;9
0.610526316;0.405594406;0.487394958;0.679376083;0.854961832;0.757122163;0.535117057;0.492307692;0.512820513;0.566878981;0.327205882;0.414918415;0.638333333;0.543064012;RandomForest;400;;1;;feature_1,feature_6;10
0.524509804;0.374125874;0.436734694;0.706834532;0.857142857;0.774765895;0.587859425;0.566153846;0.576802508;0.497076023;0.3125;0.383747178;0.645555556;0.543012569;RandomForest;400;;1;;feature_1,feature_4,feature_5;9
0.609137056;0.41958042;0.49689441;0.673622705;0.880043621;0.763120567;0.599277978;0.510769231;0.551495017;0.5625;0.264705882;0.36;0.647222222;0.542877498;RandomForest;400;;1;;feature_1,feature_2,feature_10;9
0.559405941;0.395104895;0.463114754;0.686308492;0.863685932;0.7648479;0.583916084;0.513846154;0.546644845;0.537974684;0.3125;0.395348837;0.642777778;0.542489084;RandomForest;400;;1;;feature_1,feature_2,feature_9;9
0.582010582;0.384615385;0.463157895;0.668595041;0.882224646;0.760695816;0.59430605;0.513846154;0.551155116;0.641666667;0.283088235;0.392857143;0.646111111;0.541966492;RandomForest;400;;1;;feature_0,feature_6,feature_10;9
0.591397849;0.384615385;0.466101695;0.685490877;0.860414395;0.763056093;0.549019608;0.516923077;0.532488114;0.554140127;0.319852941;0.405594406;0.641111111;0.541810077;RandomForest;400;;1;;feature_0,feature_1,feature_6;9
0.634408602;0.412587413;0.5;0.686567164;0.852780807;0.760700389;0.520376176;0.510769231;0.51552795;0.532051282;0.305147059;0.387850467;0.638333333;0.541019702;RandomForest;400;;1;;feature_1,feature_3,feature_6;9
0.611111111;0.423076923;0.5;0.683134583;0.874591058;0.767097083;0.540540541;0.492307692;0.515297907;0.583333333;0.283088235;0.381188119;0.644444444;0.540895777;RandomForest;400;;1;;feature_5,feature_6,feature_8;9
0.60106383;0.395104895;0.476793249;0.688199828;0.87131952;0.769008662;0.533333333;0.516923077;0.525;0.588235294;0.294117647;0.392156863;0.644444444;0.540739693;RandomForest;400;;1;;feature_4,feature_5,feature_6;9
0.535;0.374125874;0.440329218;0.701570681;0.876772083;0.779447407;0.561904762;0.544615385;0.553125;0.575539568;0.294117647;0.389294404;0.648888889;0.540549007;RandomForest;400;;1;;feature_2,feature_4,feature_5;9
0.628571429;0.384615385;0.477223427;0.67662116;0.864776445;0.759214935;0.538461538;0.495384615;0.516025641;0.564935065;0.319852941;0.408450704;0.639444444;0.540228677;RandomForest;400;;1;;feature_1,feature_6,feature_11;9
0.550505051;0.381118881;0.450413223;0.690436242;0.897491821;0.780464675;0.583333333;0.473846154;0.522920204;0.582191781;0.3125;0.406698565;0.650555556;0.540124167;RandomForest;400;;1;;feature_7,feature_9,feature_10;9
0.57591623;0.384615385;0.461215933;0.683597002;0.895310796;0.775259679;0.581881533;0.513846154;0.545751634;0.611570248;0.272058824;0.376590331;0.651111111;0.539704394;RandomForest;400;;1;;feature_0,feature_5,feature_10;9
0.606382979;0.398601399;0.481012658;0.682926829;0.854961832;0.759322034;0.551282051;0.529230769;0.540031397;0.526315789;0.294117647;0.377358491;0.638888889;0.539431145;RandomForest;400;;1;;feature_1,feature_4,feature_6;9
0.531818182;0.409090909;0.462450593;0.686757216;0.882224646;0.772315036;0.576642336;0.486153846;0.52754591;0.6171875;0.290441176;0.395;0.646111111;0.539327885;RandomForest;400;;1;;feature_0,feature_4,feature_10;9
0.592039801;0.416083916;0.488706366;0.680991736;0.898582334;0.774800188;0.563176895;0.48;0.518272425;0.642857143;0.264705882;0.375;0.650555556;0.539194745;RandomForest;400;;1;;feature_0,feature_10,feature_11;9
0.565217391;0.363636364;0.442553191;0.707762557;0.845147219;0.770377734;0.555555556;0.553846154;0.554699538;0.461928934;0.334558824;0.388059701;0.638888889;0.538922541;RandomForest;400;;1;;feature_1,feature_4,feature_7;9
0.597883598;0.395104895;0.475789474;0.684123026;0.897491821;0.776415094;0.558935361;0.452307692;0.5;0.579310345;0.308823529;0.402877698;0.648333333;0.538770566;RandomForest;400;;1;;feature_8,feature_9,feature_10;9
0.534313725;0.381118881;0.444897959;0.68956743;0.886586696;0.775763359;0.564784053;0.523076923;0.54313099;0.646551724;0.275735294;0.386597938;0.648333333;0.537597562;RandomForest;400;;1;;feature_4,feature_5,feature_10;9
0.632768362;0.391608392;0.483801296;0.659591837;0.881134133;0.754435107;0.531914894;0.461538462;0.494233937;0.689655172;0.294117647;0.412371134;0.638888889;0.536210369;RandomForest;400;;1;;feature_6,feature_10,feature_11;9
0.601036269;0.405594406;0.48434238;0.679376083;0.854961832;0.757122163;0.53;0.489230769;0.5088;0.54248366;0.305147059;0.390588235;0.634444444;0.535213195;RandomForest;400;;1;;feature_1,feature_6,feature_9;9
0.559782609;0.36013986;0.438297872;0.683804627;0.870229008;0.765834933;0.602006689;0.553846154;0.576923077;0.5;0.275735294;0.355450237;0.642222222;0.53412653;RandomForest;400;;1;;feature_1,feature_4,feature_10;9
0.630434783;0.405594406;0.493617021;0.672529313;0.87568157;0.760776883;0.572413793;0.510769231;0.539837398;0.507575758;0.246323529;0.331683168;0.64;0.531478618;RandomForest;400;;1;;feature_1,feature_10,feature_11;9
0.604166667;0.405594406;0.485355649;0.663920923;0.878953108;0.75645237;0.520833333;0.384615385;0.442477876;0.61038961;0.345588235;0.441314554;0.633888889;0.531400112;RandomForest;400;;1;;feature_2,feature_9,feature_11;9
0.573770492;0.367132867;0.447761194;0.674342105;0.894220284;0.768870136;0.563176895;0.48;0.518272425;0.620967742;0.283088235;0.388888889;0.643333333;0.530948161;RandomForest;400;;1;;feature_5,feature_10,feature_11;9
0.563157895;0.374125874;0.449579832;0.675367047;0.902944384;0.772748483;0.582329317;0.446153846;0.505226481;0.592592593;0.294117647;0.393120393;0.644444444;0.530168797;RandomForest;400;;1;;feature_9,feature_10;10
0.574358974;0.391608392;0.465696466;0.682553191;0.874591058;0.766730402;0.520833333;0.461538462;0.489396411;0.577464789;0.301470588;0.396135266;0.636666667;0.529489636;RandomForest;400;;1;;feature_0,feature_5,feature_6;9
0.625;0.384615385;0.476190476;0.665264929;0.86259542;0.751187085;0.553633218;0.492307692;0.521172638;0.52739726;0.283088235;0.368421053;0.632222222;0.529242813;RandomForest;400;;1;;feature_1,feature_6,feature_10;9
0.602094241;0.402097902;0.482180294;0.682015639;0.856052345;0.759187621;0.534201954;0.504615385;0.518987342;0.490066225;0.272058824;0.349881797;0.632222222;0.527559263;RandomForest;400;;1;;feature_1,feature_5,feature_6;9
0.593582888;0.388111888;0.469344609;0.679213003;0.865866957;0.76126558;0.560137457;0.501538462;0.529220779;0.483660131;0.272058824;0.348235294;0.634444444;0.527016566;RandomForest;400;;1;;feature_1,feature_5,feature_10;9
0.559139785;0.363636364;0.440677966;0.677392739;0.895310796;0.77125411;0.551724138;0.443076923;0.491467577;0.574468085;0.297794118;0.392251816;0.638888889;0.523912867;RandomForest;400;;1;;feature_4,feature_9,feature_10;9
0.55026455;0.363636364;0.437894737;0.67996675;0.892039258;0.771698113;0.546468401;0.452307692;0.494949495;0.553956835;0.283088235;0.374695864;0.636666667;0.519809552;RandomForest;400;;1;;feature_5,feature_9,feature_10;9
0.572289157;0.332167832;0.420353982;0.660240964;0.896401309;0.760407031;0.567567568;0.452307692;0.503424658;0.584615385;0.279411765;0.378109453;0.633333333;0.515573781;RandomForest;400;;1;;feature_3,feature_9,feature_10;9
0.559585492;0.377622378;0.450939457;0.667213115;0.887677208;0.761815629;0.531496063;0.415384615;0.466321244;0.578947368;0.283088235;0.380246914;0.63;0.514830811;RandomForest;400;;1;;feature_2,feature_9,feature_10;9
0.542553191;0.356643357;0.430379747;0.679104478;0.893129771;0.771549694;0.517482517;0.455384615;0.484451718;0.608333333;0.268382353;0.37244898;0.634444444;0.514707535;RandomForest;400;;1;;feature_2,feature_7,feature_10;9
0.577777778;0.363636364;0.446351931;0.668580804;0.888767721;0.763108614;0.509157509;0.427692308;0.464882943;0.59375;0.279411765;0.38;0.63;0.513585872;RandomForest;400;;1;;feature_6,feature_9,feature_10;9
0.53;0.370629371;0.436213992;0.675697865;0.897491821;0.770960187;0.546184739;0.418461538;0.473867596;0.563909774;0.275735294;0.37037037;0.633333333;0.512853036;RandomForest;400;;1;;feature_0,feature_9,feature_10;9
0.583333333;0.342657343;0.431718062;0.656669298;0.907306434;0.761904762;0.54893617;0.396923077;0.460714286;0.592307692;0.283088235;0.383084577;0.631111111;0.509355422;RandomForest;400;;1;;feature_9,feature_10,feature_11;9
0.565934066;0.36013986;0.44017094;0.674204355;0.877862595;0.76267172;0.566929134;0.443076923;0.497409326;0.429411765;0.268382353;0.330316742;0.625;0.507642182;RandomForest;400;;1;;feature_1,feature_9,feature_10;9